Output,Order,OrderType,SampleName,LibraryID,IndexSequences,Read,Species,Reference,Lab,TotalReads,AlignPercent,Type,ReadLength,FastqPath
L63560_S1_L001_R1_001,MOLNG-3791,Ribo-dep Stranded RNA-Seq (NEBNext Ultra II),Clutch2_WT,L63560,ATTACCCA-CACTGTAG,1,Danio_rerio,danRer11,Trainor Lab,29561021,63.8,Paired Reads,G4-150,/n/analysis/Trainor/lm2632/MOLNG-3791/OM0410H//L63560_S1_L001_R1_001.fastq.gz
L63560_S1_L001_R2_001,MOLNG-3791,Ribo-dep Stranded RNA-Seq (NEBNext Ultra II),Clutch2_WT,L63560,ATTACCCA-CACTGTAG,2,Danio_rerio,danRer11,Trainor Lab,29561021,66.97,Paired Reads,G4-150,/n/analysis/Trainor/lm2632/MOLNG-3791/OM0410H//L63560_S1_L001_R2_001.fastq.gz
L63561_S2_L001_R2_001,MOLNG-3791,Ribo-dep Stranded RNA-Seq (NEBNext Ultra II),Clutch2_Het,L63561,GACTTGTG-GTGCACGA,2,Danio_rerio,danRer11,Trainor Lab,28715980,67.85,Paired Reads,G4-150,/n/analysis/Trainor/lm2632/MOLNG-3791/OM0410H//L63561_S2_L001_R2_001.fastq.gz
L63561_S2_L001_R1_001,MOLNG-3791,Ribo-dep Stranded RNA-Seq (NEBNext Ultra II),Clutch2_Het,L63561,GACTTGTG-GTGCACGA,1,Danio_rerio,danRer11,Trainor Lab,28715980,64.18,Paired Reads,G4-150,/n/analysis/Trainor/lm2632/MOLNG-3791/OM0410H//L63561_S2_L001_R1_001.fastq.gz
L63562_S3_L001_R2_001,MOLNG-3791,Ribo-dep Stranded RNA-Seq (NEBNext Ultra II),Clutch2_Mutant,L63562,CAGGTAAG-CTCGAAAT,2,Danio_rerio,danRer11,Trainor Lab,32047326,68.71,Paired Reads,G4-150,/n/analysis/Trainor/lm2632/MOLNG-3791/OM0410H//L63562_S3_L001_R2_001.fastq.gz
L63562_S3_L001_R1_001,MOLNG-3791,Ribo-dep Stranded RNA-Seq (NEBNext Ultra II),Clutch2_Mutant,L63562,CAGGTAAG-CTCGAAAT,1,Danio_rerio,danRer11,Trainor Lab,32047326,66.19,Paired Reads,G4-150,/n/analysis/Trainor/lm2632/MOLNG-3791/OM0410H//L63562_S3_L001_R1_001.fastq.gz
L63563_S4_L001_R2_001,MOLNG-3791,Ribo-dep Stranded RNA-Seq (NEBNext Ultra II),Clutch3_WT,L63563,AAGGAGAC-CTCACAAC,2,Danio_rerio,danRer11,Trainor Lab,28528772,67.32,Paired Reads,G4-150,/n/analysis/Trainor/lm2632/MOLNG-3791/OM0410H//L63563_S4_L001_R2_001.fastq.gz
L63563_S4_L001_R1_001,MOLNG-3791,Ribo-dep Stranded RNA-Seq (NEBNext Ultra II),Clutch3_WT,L63563,AAGGAGAC-CTCACAAC,1,Danio_rerio,danRer11,Trainor Lab,28528772,63.87,Paired Reads,G4-150,/n/analysis/Trainor/lm2632/MOLNG-3791/OM0410H//L63563_S4_L001_R1_001.fastq.gz
L63564_S5_L001_R2_001,MOLNG-3791,Ribo-dep Stranded RNA-Seq (NEBNext Ultra II),Clutch3_Het,L63564,AGTCAGGT-GTAACCAC,2,Danio_rerio,danRer11,Trainor Lab,29185773,66.89,Paired Reads,G4-150,/n/analysis/Trainor/lm2632/MOLNG-3791/OM0410H//L63564_S5_L001_R2_001.fastq.gz
L63564_S5_L001_R1_001,MOLNG-3791,Ribo-dep Stranded RNA-Seq (NEBNext Ultra II),Clutch3_Het,L63564,AGTCAGGT-GTAACCAC,1,Danio_rerio,danRer11,Trainor Lab,29185773,63.14,Paired Reads,G4-150,/n/analysis/Trainor/lm2632/MOLNG-3791/OM0410H//L63564_S5_L001_R1_001.fastq.gz
L63565_S6_L001_R1_001,MOLNG-3791,Ribo-dep Stranded RNA-Seq (NEBNext Ultra II),Clutch3_Mutant,L63565,ACCGTAAG-CATATCCA,1,Danio_rerio,danRer11,Trainor Lab,30274489,64.8,Paired Reads,G4-150,/n/analysis/Trainor/lm2632/MOLNG-3791/OM0410H//L63565_S6_L001_R1_001.fastq.gz
L63565_S6_L001_R2_001,MOLNG-3791,Ribo-dep Stranded RNA-Seq (NEBNext Ultra II),Clutch3_Mutant,L63565,ACCGTAAG-CATATCCA,2,Danio_rerio,danRer11,Trainor Lab,30274489,67.21,Paired Reads,G4-150,/n/analysis/Trainor/lm2632/MOLNG-3791/OM0410H//L63565_S6_L001_R2_001.fastq.gz
L63566_S7_L001_R2_001,MOLNG-3791,Ribo-dep Stranded RNA-Seq (NEBNext Ultra II),Clutch4_WT,L63566,TATGACGT-CGCTAATC,2,Danio_rerio,danRer11,Trainor Lab,26526670,66.21,Paired Reads,G4-150,/n/analysis/Trainor/lm2632/MOLNG-3791/OM0410H//L63566_S7_L001_R2_001.fastq.gz
L63566_S7_L001_R1_001,MOLNG-3791,Ribo-dep Stranded RNA-Seq (NEBNext Ultra II),Clutch4_WT,L63566,TATGACGT-CGCTAATC,1,Danio_rerio,danRer11,Trainor Lab,26526670,63.17,Paired Reads,G4-150,/n/analysis/Trainor/lm2632/MOLNG-3791/OM0410H//L63566_S7_L001_R1_001.fastq.gz
L63567_S8_L001_R2_001,MOLNG-3791,Ribo-dep Stranded RNA-Seq (NEBNext Ultra II),Clutch4_Het,L63567,TTGGGTAC-CTTCCAAC,2,Danio_rerio,danRer11,Trainor Lab,31605431,64.1,Paired Reads,G4-150,/n/analysis/Trainor/lm2632/MOLNG-3791/OM0410H//L63567_S8_L001_R2_001.fastq.gz
L63567_S8_L001_R1_001,MOLNG-3791,Ribo-dep Stranded RNA-Seq (NEBNext Ultra II),Clutch4_Het,L63567,TTGGGTAC-CTTCCAAC,1,Danio_rerio,danRer11,Trainor Lab,31605431,59.91,Paired Reads,G4-150,/n/analysis/Trainor/lm2632/MOLNG-3791/OM0410H//L63567_S8_L001_R1_001.fastq.gz
L63568_S9_L001_R1_001,MOLNG-3791,Ribo-dep Stranded RNA-Seq (NEBNext Ultra II),Clutch4-Mutant,L63568,TTCAATAG-TCCCACGA,1,Danio_rerio,danRer11,Trainor Lab,25792495,70.55,Paired Reads,G4-150,/n/analysis/Trainor/lm2632/MOLNG-3791/OM0410H//L63568_S9_L001_R1_001.fastq.gz
L63568_S9_L001_R2_001,MOLNG-3791,Ribo-dep Stranded RNA-Seq (NEBNext Ultra II),Clutch4-Mutant,L63568,TTCAATAG-TCCCACGA,2,Danio_rerio,danRer11,Trainor Lab,25792495,73.57,Paired Reads,G4-150,/n/analysis/Trainor/lm2632/MOLNG-3791/OM0410H//L63568_S9_L001_R2_001.fastq.gz
